ID,Título,Año,Director(es),Slug
161043,"¡Qué noche de casamiento!",1953,"Enrique Carreras",que-noche-de-casamiento
1569,"¡Qué noche de casamiento!",1969,"Julio Porter, José Herrero",que-noche-de-casamiento-2
161197,"...Y mañana serán hombres",1939,"Carlos Borcosque, Juan Sires, Jack Hall",y-manana-seran-hombres
2038,"...Y mañana serán hombres",1979,"Carlos F. Borcosque (h), Jorge Mobaied, Juan Sires, Jack Hall, Jorge Mobaied",y-manana-seran-hombres-2
9686,"1982",2015,"Cristina Motta",1982-i
160314,"1982",2019,"Lucas Gallo",1982
160316,"4x4",2012,"Pablo Marín",4x4
7554,"4x4",2019,"Mariano Cohn, Martín Bustos",4x4-i
160318,"A",2005,"Gwenn Joyaux",a
5644,"A",2012,"Ignacio Dimattia, Gwenn Joyaux",a-2
160320,"Abracadabra",1997,"Adrián Garelik",abracadabra
2859,"Abracadabra",2004,"Julio Midú, Adrián Garelik",abracadabra-2
160322,"Abril",2005,"Christian Pineda, Federico Luaces, Diana González, Magalí Barbatto",abril
3452,"Abril",2011,"Víctor Palacios, Martín Guzmán, Federico Luaces, Diana González, Magalí Barbatto",abril-2
160324,"Acorralados",2002,"Mariano Cattáneo, Ygnacio Cervio, Cristian Díaz (II)",acorralados
4559,"Acorralados",2010,"Julio Bove, Mariano Cattáneo, Ygnacio Cervio, Cristian Díaz (II)",acorralados-2
160326,"Adolescencia",1942,"Francisco Mugica",adolescencia
160327,"Adolescencia",2006,"Esteban Menis, Cecilia Menis",adolescencia-2
50,"Adolescencia",2011,"Guillermo Bergandi, Francisco Mugica, Cecilia Menis",adolescencia-3
160329,"Afuera",2008,"Andrés Testagrossa",afuera
6826,"Afuera",2018,"Martín Folco",afuera-i
160332,"Agua",2003,"Ignacio Laxalde, Agustín Gregori, Bernardo Francese",agua-2-2
3018,"Agua",2006,"Martín San Pedro, Juan Manuel Gonzáles, Ignacio Laxalde, Verónica Chen, Agustín Gregori, Bernardo Francese, Nicolás Di Cocco, Daniela Kozak, Ramiro La Vella, Mariano Turek, Natalia Smirnoff",agua-3
160334,"Aire",1998,"Charlotta Lennartsdotter",aire
3136,"Aire",2018,"Arturo Castro Godoy, Charlotta Lennartsdotter",aire-i
160336,"Akelarre",2020,"Pablo Agüero",akelarre
9648,"Akelarre",2020,"Mila Belén Gallo, Pablo Agüero",akelarre-i
160338,"Alejandra",1956,"Carlos Schlieper",alejandra
68,"Alejandra",2013,"Ernesto Ardito, Virna Molina",alejandra-2
160340,"Alicia",2005,"Marina di Raimondo, Alejandro Zucco, Fernando Polverini",alicia
160341,"Alicia",2010,"Tamara Viñes",alicia-2
4525,"Alicia",2018,"Alejandro Rath, Tamara Viñes, Marina di Raimondo, Alejandro Zucco, Fernando Polverini",alicia-i
160343,"Allá lejos y hace tiempo",1969,"Ricardo Becher",alla-lejos-y-hace-tiempo
81,"Allá lejos y hace tiempo",1978,"Manuel Antin, Ricardo Becher",alla-lejos-y-hace-tiempo-2
160345,"Alma",2011,"Marcela Suppicich",alma
7151,"Alma",2015,"Diego Rougier",alma-2
190022,"Alma",2023,"Juan Pablo Martínez, Teresita Biafore, Germán Sarmiento, Juan Pablo Martínez",alma-3
6026,"Alterego",2001,"Gastón Viñas",alterego-2
160347,"Alterego",2003,"Sin director",alterego
98,"Amalia",1914,"Enrique García Velloso, Luis José Moglia Barth",amalia-2
160349,"Amalia",1936,"Luis José Moglia Barth",amalia
6953,"Amateur",2011,"Néstor Frenkel",amateur
188050,"Amateur",2016,"Sebastián Perillo",amateur-2
160351,"Amazonas",1986,"Alejandro Sessa, Carlos Gil",amazonas
102,"Amazonas",2020,"Daniel Carrizo, Sebastián Ferrari, Carlos Gil",amazonas-i
160353,"Ana",2006,"Gabriela Trettel, Marcos Pereira, Gabriela Aguirre, Gabriela Trettel",ana
6223,"Ana",2007,"Maximiliano Estomba, Gabriela Trettel, Marcos Pereira, Gabriela Aguirre, Gabriela Trettel",ana-2
160355,"Ángeles",1992,"Raúl Perrone",angeles
2441,"Ángeles",Sin año,"Paula Markovitch",angeles-i
160357,"Ánima",2008,"Brenda Urlacher, Carolina Molinari, Juan Pablo Fuxman",anima
6252,"Ánima",2015,"Clara Frías, Brenda Urlacher, Carolina Molinari, Juan Pablo Fuxman",anima-2
163038,"Ánima",2020,"Diego Ercolano",anima-3
9132,"Años luz",2017,"Manuel Abramovich",anos-luz
162192,"Años luz",Sin año,"Joaquín Mauad",anos-luz-2
3879,"Aprendizaje",1985,"Julio César Otero Mancini, Gianfranco Quattrini",aprendizaje-2
160359,"Aprendizaje",1994,"Gianfranco Quattrini",aprendizaje
160364,"Arroz con leche",1950,"Carlos Schlieper",arroz-con-leche
150,"Arroz con leche",2008,"Jorge Polaco, Antonio Barrio, Virginia Scaro",arroz-con-leche-2
160366,"Asfixia",2003,"Florencia Gundin",asfixia
160367,"Asfixia",2006,"Federico Peretti, Agostina Brocco",asfixia-2
4309,"Asfixia",2006,"Damián Leibovich, Federico Peretti, Agostina Brocco",asfixia-3
160369,"Así es la vida",1939,"Francisco Mugica",asi-es-la-vida
159,"Así es la vida",1977,"Enrique Carreras, Orlando Zumpano",asi-es-la-vida-2
160371,"Aula magna",2009,"Mariano Hueter",aula-magna
160372,"Aula magna",2012,"Andrés Denegri",aula-magna-2
6707,"Aula magna",2014,"Andrés Denegri",aula-magna-3
6134,"Ave María",2002,"Sebastián Caulier",ave-maria
191353,"Ave maría",2023,"Diego Recalde",ave-maria-2
160374,"Azul",1994,"Andrea Abdala",azul
4376,"Azul",2019,"Lucía Lalor, Andrea Abdala",azul-i
10311,"Bajo la superficie",1995,"Pablo Spátola, Juan Wickenhagen",bajo-la-superficie-i
160376,"Bajo la superficie",2021,"Pablo Spátola, Juan Wickenhagen",bajo-la-superficie
160378,"Bajo tierra",1985,"Rodrigo Fürth, Eduardo Ruderman",bajo-tierra
2991,"Bajo Tierra",2000,"Nicolás Aponte, Rodrigo Fürth, Eduardo Ruderman",bajo-tierra-2
160382,"Barcos de papel",1963,"Román Viñoly Barreto",barcos-de-papel
208,"Barcos de papel",2020,"Fernando Duarte, Román Viñoly Barreto",barcos-de-papel-i
4403,"Basura",1999,"Paulo Pécora",basura-2
160384,"Basura",2002,"Gustavo Biazzi",basura
4608,"Bigotes de chocolate",2005,"Grupo Humus, Agustín Gregori, Ignacio Laxalde",bigotes-de-chocolate-2
160386,"Bigotes de chocolate",2005,"Agustín Gregori, Ignacio Laxalde",bigotes-de-chocolate
160388,"Blanco y negro",1919,"Francisco Defilippis Novoa",blanco-y-negro
2761,"Blanco y negro",1993,"Israel Adrián Caetano",blanco-y-negro-2
160390,"Bohemia",2006,"Amadeo Riva, Iván Larsen",bohemia
5803,"Bohemia",2014,"Leo Damario, Iván Larsen",bohemia-2
6040,"Buenas noches",2006,"Carlos Vilaró Nadal, Graciela Colombres Garmendia",buenas-noches
196420,"Buenas noches",2025,"Matías Szulanski",buenas-noches-2
160394,"Búsqueda",1992,"Adriana Yurcovich",busqueda
5462,"Búsqueda",2002,"Gustavo Mendoza",busqueda-2
160396,"Caíto",2004,"Guillermo Pfening, Chancha Ambrosini",caito
4105,"Caíto",2012,"Guillermo Pfening, Chancha Ambrosini",caito-2
4890,"Caleidoscopio",1969,"Eduardo Plá, Adrián Ochoa",caleidoscopio-3
160399,"Caleidoscopio",1998,"Micaela Gurevich",caleidoscopio-2
160398,"Caleidoscopio",2001,"Adrián Ochoa, Maximiliano Gallo",caleidoscopio
160401,"Canción de cuna",1941,"Gregorio Martínez Sierra",cancion-de-cuna
309,"Canción de cuna",2005,"Julián Schlaen, María Elda Tomasini, Giselle Scaradili, Noelia Morchio, Noelia Morchio",cancion-de-cuna-2
160403,"Caperucita Roja",1933,"Jorge Méndez Delfino",caperucita-roja
7464,"Caperucita roja",2019,"Tatiana Mazú, Jorge Méndez Delfino",caperucita-roja-i
160405,"Cartas",2006,"Paola Pelzmajer, Rosa Martínez Rivero",cartas
5355,"Cartas",2018,"Mario Bomheker, Paola Pelzmajer, Rosa Martínez Rivero",cartas-2
160407,"Cartas de amor",1951,"Mario C. Lugones",cartas-de-amor
349,"Cartas de amor",2005,"María Meira, Mario C. Lugones",cartas-de-amor-2
160409,"Casino",2001,"Clementina Barreiro",casino
5533,"Casino",2008,"Alejandro Cohen Arazi, Clementina Barreiro",casino-i
160411,"Causalidad",2013,"Vitto Manccini",causalidad
7952,"Causalidad",Sin año,"WHO, Diego Morel, Marcelo Baduij",causalidad-i
160413,"Celos",1946,"Mario Soffici, Tulio Demicheli, Esteban H. Etcheverrito",celos
373,"Celos",2003,"Emmanuel Martín",celos-2
160415,"Cenizas",2006,"Lorena Silvariño, Santiago Valentino, Nahuel Billoni",cenizas
160416,"Cenizas",2012,"Emiliano Cativa",cenizas-2
5925,"Cenizas",2019,"Gonzalo Mellid, Lorena Silvariño, Emiliano Cativa, Santiago Valentino, Nahuel Billoni",cenizas-i
160418,"Chaco",2017,"Daniele Incalcaterra, Fausta Quattrini",chaco
160419,"Chaco",2017,"Ignacio Ragone, Juan Fernández Gebauer, Ulises de la Orden",chaco-i
9013,"Chaco",2020,"Diego Mondaca, Ignacio Ragone, Daniele Incalcaterra, Fausta Quattrini",chaco-ii
160423,"Chúmbale",1968,"Carlos Orgambide",chumbale
400,"Chúmbale",2001,"Aníbal Di Salvo, Emilio Blanco",chumbale-2
160425,"Ciegos",1998,"Fermin Villanueva, Nicolás Pucciarelli",ciegos
3134,"Ciegos",2019,"Fernando Zuber, Nicolás Pucciarelli",ciegos-i
160427,"Circe",1964,"Manuel Antin, Carlos F. Borcosque (h)",circe
413,"Circe",2009,"Andrew Sala, Manuel Antin, Carlos F. Borcosque (h)",circe-2
4867,"Clandestino",2016,"Sofía Rocha, Rafael Beláustegui",clandestino-i
160429,"Clandestino",Sin año,"Rafael Beláustegui",clandestino
160431,"Claudia",2010,"Marcel Gonnet Wainmayer",claudia
7009,"Claudia",2019,"Sebastián De Caro",claudia-i
160433,"Clementina",2008,"Agustina Massa",clementina
7751,"Clementina",2017,"Jimena Monteoliva",clementina-i
161806,"Clementina",2022,"Constanza Feldman, Agustín Mendilaharzu",clementina-2
160435,"Compañeros",1936,"Gerardo Húttula",companeros
443,"Compañeros",2021,"Luis Galmes, Gerardo Teplisky, Roberta Ainstein, Andrés La Penna",companeros-i
160437,"Constitución",2000,"Marcel Czombos",constitucion
160438,"Constitución",2013,"Melisa Brito Aller",constitucion-1
4549,"Constitución",2017,"Luciana Gentinetta, Melisa Brito Aller, Jimena Cantero, Marcel Czombos, Natalia Luz Ardissone",constitucion-i
160440,"Contrapunto",2002,"Leandro Brandimarte",contrapunto
5147,"Contrapunto",2008,"Federico Del Bueno, Leandro Brandimarte",contrapunto-2
160442,"Convivencia",1994,"Carlos Galettini, Gabriel Arbós, Roberto Salomone, Aldo Romero",convivencia
473,"Convivencia",2020,"Malena Ichkhanian, Lucía Molina Carpi, Mara Tatiana Lanosa Alonso, Ailín Kertész, Gabriel Arbós, Roberto Salomone, Aldo Romero",convivencia-i
4521,"Copacabana",2006,"Martín Rejtman, Liselotte Eva Sieffers",copacabana-2
160444,"Copacabana",Sin año,"Juan José Suárez, Liselotte Eva Sieffers",copacabana
160446,"Corazón Delator",1998,"Guillermina Rosales",corazon-delator
4259,"Corazón Delator",2002,"María Laura Bourges, Guillermina Rosales",corazon-delator-2
196949,"Corazón delator",2025,"Marcos Carnevale",corazon-delator-1
4029,"Corresponsal",2003,"Tamara Horowicz",corresponsal
194543,"Corresponsal",2024,"Emiliano Serra, Nicolás Purdía, Gabriel Rosas",corresponsal-2
8108,"Corte",2013,"Benjamín Ellenberger",corte
162224,"Corte",2020,"Guadalupe Yepes, Sofía Lanaro, Paula Garavagno, Candelaria López, Milagros Gallo",corte-2
160448,"Cucaracha",1999,"Pablo Parés",cucaracha
4694,"Cucaracha",2020,"Augusto González Polo, Pablo Parés",cucaracha-i
160450,"Cuestión de principios",1981,"Leonardo Polverino",cuestion-de-principios
3663,"Cuestión de principios",2009,"Rodrigo Grande",cuestion-de-principios-2
4305,"Dame más",2001,"María Corpas, Daniela Kozak",dame-mas-2
160452,"Dame más",Sin año,"Daniela Kozak",dame-mas
9559,"De la noche a la mañana",2012,"Lucas Santa Ana, Yanina Saccani",de-la-noche-a-la-manana-i
160454,"De la noche a la mañana",2019,"Manuel Ferrari",de-la-noche-a-la-manana
160458,"Derecho viejo",1951,"Manuel Romero",derecho-viejo
613,"Derecho viejo",1998,"Mariano Llinás, Manuel Romero",derecho-viejo-2
160461,"Desayuno",1976,"Daniel Portela",desayuno-2
4625,"Desayuno",2000,"Guillermina Ortiz, Georgina Pretto, Daniel Portela",desayuno-3
160460,"Desayuno",2002,"Georgina Pretto",desayuno
196909,"Desde adentro",2024,"Matías Rispau",desde-adentro-1
3073,"Desde adentro",Sin año,"Moro Anghileri",desde-adentro
2609,"Deseo",2000,"Roberto Camarra, Gerardo Vera",deseo-2
160463,"Deseo",2002,"Gerardo Vera",deseo
7630,"Desierto",2012,"Melisa Brito Aller, Baltazar Tokman",desierto-2
160465,"Desierto",2012,"Baltazar Tokman",desierto
160467,"Desmadre",2012,"Juan Pablo Martínez, Jazmín Stuart",desmadre
7072,"Desmadre",2018,"Sabrina Farji, Jazmín Stuart",desmadre-2
160470,"Despedida",1996,"Lucas Blanco",despedida-2
160469,"Despedida",2003,"Ana Katz",despedida
160471,"Despedida",2014,"María Alché",despedida-3
3655,"Despedida",2015,"Pablo Paniagua, Lucas Blanco, María Alché, Ana Katz",despedida-4
4600,"Después de recién",2004,"Grupo Humus, Ignacio Laxalde, Bernardo Francese",despues-de-recien-2
160473,"Después de recién",2004,"Ignacio Laxalde, Bernardo Francese",despues-de-recien
8329,"Diciembre",2013,"Bernabé Demozzi",diciembre
161816,"Diciembre",2021,"César González",diciembre-2
9792,"Dios autor de todo",Sin año,"Joaquín Maito, Tatiana Mazú, Nacho Losada",dios-autor-de-todo-i
160477,"Dios autor de todo",Sin año,"Tatiana Mazú",dios-autor-de-todo
160479,"Dolores",2014,"Gonzalo Tobal",dolores
160480,"Dolores",2016,"Juan Dickinson, Adrián Tagliabue",dolores-2
8316,"Dolores",2016,"Gonzalo Tobal, Juan Dickinson, Adrián Tagliabue",dolores-ii
160481,"Dolores",2016,"Sin director",dolores-i
160484,"Domingo",1998,"Mariano Fernández Bussy",domingo
6109,"Domingo",2014,"Alejandro Jovic",domingo-2
6683,"Dos hermanos",2007,"Sergio Bellotti, Natalia Urruty",dos-hermanos-2
160486,"Dos hermanos",2010,"Daniel Burman, Natalia Urruty",dos-hermanos
160488,"Duelo",2002,"Juan Schnitman",duelo
4399,"Duelo",2012,"Gisela Peláez, Diego Baridó, Tulio Billone, Martín Turnes, Facundo Moreno, Fernando Citara",duelo-2
10111,"Educación rural",2017,"Federico García Bedoya, Belén Ortiz",educacion-rural-i
160491,"Educación rural",2019,"Federico García Bedoya, Belén Ortiz",educacion-rural
160493,"El aleph",1999,"Richie J. A. Ercolalo",el-aleph
3789,"El Aleph",2011,"Carpincho, Manuel Gallo",el-aleph-2
160495,"El árbol",1999,"Nicolás Aponte",el-arbol
4319,"El árbol",2001,"Guillermo Bergandi, Valeria Pérez Delgado",el-arbol-3
160496,"El árbol",2006,"Gustavo Fontán",el-arbol-2
160498,"El baile",2003,"Bruno Gradaschi",el-baile
5220,"El baile",2006,"Iván Fund, Bruno Gradaschi",el-baile-2
160500,"El baldío",1952,"Carlos Rinaldi",el-baldio
201,"El baldío",2021,"Liliana Paolinelli",el-baldio-i
160502,"El beso",2003,"Gustavo Provitina",el-beso
4315,"El beso",2021,"Federico Luis Tachella",el-beso-i
160504,"El bosque",2008,"Pablo Siciliano, Eugenio Lasserre, Hugo Sosa (II), Julieta Vicente",el-bosque
160505,"El bosque",2011,"Ange Potier",el-bosque-2
6906,"El bosque",2019,"Esteban Lamothe, Pablo Siciliano, Eugenio Lasserre, Hugo Sosa (II), Julieta Vicente",el-bosque-i
160507,"El candidato",1959,"Fernando Ayala",el-candidato
160508,"El candidato",2012,"Pablo Polledri",el-candidato-2
318,"El candidato",2017,"Daniel Hendler, Fernando Ayala",el-candidato-3
160510,"El cartero",1954,"Homero Cárpena",el-cartero
350,"El cartero",1962,"Paulina Fernández Jurado, Homero Cárpena",el-cartero-2
160514,"El círculo",2002,"Javier Molteni",el-circulo
5766,"El círculo",2008,"José Pedro Charlo, Aldo Garay",el-circulo-2
160516,"El cuarto",2002,"Guillermo De Tanti",el-cuarto
4623,"El cuarto",2012,"Christian M. Fernández, Maro Villamarín",el-cuarto-2
160518,"El destino",1968,"Juan Batlle Planas (h)",el-destino
658,"El destino",2007,"Miguel Pereira, Juan Iribas",el-destino-2
160520,"El desvío",1998,"Horacio Maldonado, Marcos Negri, Maximiliano Amor",el-desvio
2247,"El desvío",2019,"Axel Rezinovsky, Horacio Maldonado, Marcos Negri, Maximiliano Amor",el-desvio-i
160522,"El día que me quieras",1969,"Enrique Cahen Salaberry",el-dia-que-me-quieras
691,"El día que me quieras",1999,"Leandro Katz, Enrique Cahen Salaberry",el-dia-que-me-quieras-2
160524,"El domador",1954,"Adelqui Millar, Máximo Berrondo",el-domador
752,"El Domador",1996,"Guillermo López, Máximo Berrondo",el-domador-2
5933,"El duelo",1999,"Gabriela Piro, Gabriel Grieco",el-duelo-2
160526,"El duelo",2008,"Gabriel Grieco",el-duelo
191193,"El duelo",2022,"Augusto Tejada",el-duelo-3
160528,"El encuentro",1964,"Dino Minitti",el-encuentro
160529,"El encuentro",1999,"Maximiliano Gerscovich",el-encuentro-2
595,"El encuentro",2003,"Alberto Romero, Maximiliano Gerscovich, Dino Minitti",el-encuentro-3
160531,"El Fausto criollo",1979,"Luis Saslavsky, Horacio Reale, Miguel Angel Lumaldo",el-fausto-criollo
756,"El Fausto criollo",2011,"Fernando Birri, Luis Saslavsky, Enrique Ernesto Gunche, Horacio Reale, Miguel Angel Lumaldo",el-fausto-criollo-2
160533,"El fruto",2005,"Sin director",el-fruto
4321,"El fruto",2010,"Miguel Baratta, Patricio Pomares, Pablo Acosta Larroca",el-fruto-2
160535,"El fusilamiento de Dorrego",1909,"Mario Gallo",el-fusilamiento-de-dorrego
2750,"El fusilamiento de Dorrego",2002,"Nicolás Zukerfeld, Mario Gallo",el-fusilamiento-de-dorrego-2
160539,"El grito sagrado",1954,"Luis César Amadori",el-grito-sagrado
926,"El grito sagrado",2003,"Pablo Nisenson, Luis César Amadori",el-grito-sagrado-2
160541,"El hombre de la bolsa",1996,"Juan Cruz Varela",el-hombre-de-la-bolsa
4198,"El hombre de la bolsa",2004,"Sabino Rafele, Marcelo Ferrando, Mercedes Arias",el-hombre-de-la-bolsa-2
160543,"El Impenetrable",2012,"Daniele Incalcaterra, Fausta Quattrini",el-impenetrable
7534,"El impenetrable",2015,"Alejandro Schonfeld, Fausta Quattrini",el-impenetrable-i
160545,"El jefe",1958,"Fernando Ayala",el-jefe
1038,"El jefe",2011,"Jaime Escallón Buraglia, Fernando Ayala",el-jefe-2
160547,"El juego",2003,"Poll Pebe Pueyrredón",el-juego
5331,"El juego",2010,"Benjamín Naishtat, Poll Pebe Pueyrredón",el-juego-2
160549,"El jugador",1947,"León Klimovsky",el-jugador
1071,"El jugador",2016,"Dan Gueller, Federico D'Auría, Gabriela Fantl",el-jugador-2
160551,"El juguete rabioso",1984,"José María Paolantonio, Ana Poliak",el-juguete-rabioso
1075,"El juguete rabioso",1998,"Javier Torre, Micaela Buye, Ana Poliak",el-juguete-rabioso-2
9407,"El llanto",2018,"Hernán Fernández",el-llanto
196057,"El llanto",2023,"Pedro Martín-Calero",el-llanto-2
1261,"El matrero",1924,"Edmo Cominetti, Orestes Caviglia",el-matrero-2
160555,"El matrero",1939,"Orestes Caviglia",el-matrero
3312,"El mensaje",2000,"Claudio Bartel",el-mensaje
196443,"El mensaje",2024,"Iván Fund",el-mensaje-2
160557,"El muro",1947,"Leopoldo Torre Nilsson, José Francisco Arcuri",el-muro
2814,"El muro",2001,"Hugo Álvarez (III), Leopoldo Torre Nilsson, José Francisco Arcuri",el-muro-2
160559,"El negoción",1958,"Simón Feldman",el-negocion
1176,"El negoción",1959,"Simón Feldman",el-negocion-2
3934,"El nexo",1997,"Matías Buzzalino, Irene Menchero, Lisandro Siperman, Clara Francillo, Mariana Verónica Selzer",el-nexo-2
160561,"El nexo",2007,"Sebastián Antico, Irene Menchero, Lisandro Siperman, Clara Francillo, Mariana Verónica Selzer",el-nexo
160563,"El olvido",2006,"Lucia Kearney",el-olvido
5440,"El olvido",2013,"Fermín Rivera",el-olvido-2
3673,"El otro",2006,"Federico Quiroz, Ariel Rotter, Natalia Urruty, Magdalena Cernadas, Mariano Biasin, Natalia Smirnoff",el-otro-2
160565,"El otro",2007,"Ariel Rotter, Natalia Urruty, Magdalena Cernadas, Mariano Biasin, Natalia Smirnoff",el-otro
160567,"El paraíso",1953,"Karl Ritter",el-paraiso
1381,"El paraíso",2021,"Fernando Sirianni, Federico Breser",el-paraiso-i
160569,"El pasante",2004,"Robert M. Rovere",el-pasante
5271,"El pasante",2010,"Clara Picasso, Robert M. Rovere",el-pasante-2
160571,"El perseguidor",1962,"Osías Wilenski",el-perseguidor
1476,"El perseguidor",2010,"Víctor Cruz, Natalia Hernández, Dante Dechecco, Agostina Guala, Agostina Guala",el-perseguidor-2
196921,"El polvo",2023,"Nicolás Torchinsky",el-polvo-1
9543,"El polvo",Sin año,"Nicolás Torchinsky",el-polvo
191702,"El portal",2023,"Andrés Perugini, Rodrigo Sebastian Olmedo",el-portal
196975,"El portal",2024,"Mariano Argento",el-portal-1
160573,"El pozo",1995,"Fernando Priego Ruiz",el-pozo
160574,"El pozo",2002,"Carlos Bobeda",el-pozo-2
4382,"El pozo",2011,"Rodolfo Carnevale, Fernando Priego Ruiz, Carlos Bobeda",el-pozo-3
160576,"El puente",1950,"Carlos Gorostiza, Arturo Gemmiti",el-puente
1641,"El puente",1985,"Gustavo Cova, Myriam Angueira, Carlos Gorostiza, Arturo Gemmiti",el-puente-3
160577,"El puente",2002,"Myriam Angueira",el-puente-2
160579,"El regreso",1950,"Leopoldo Torres Ríos, Enio Echenique",el-regreso
1627,"El regreso",2001,"Hugo Lescano, Juan Iribas, Roberto Salomone, Valentina Llorens, Roberto Salomone, Valentina Llorens",el-regreso-2
160582,"El remanso",1922,"Nelo Cosimi",el-remanso-2
1633,"El remanso",1926,"Rafael Parodi, Ladislao Haida, Nelo Cosimi",el-remanso-3
160581,"El remanso",1938,"Ladislao Haida",el-remanso
196910,"El repartidor está en camino",2024,"Martín Rejtman, Ignacio Ceroi",el-repartidor-esta-en-camino-1
9661,"El repartidor está en camino",Sin año,"Martín Rejtman",el-repartidor-esta-en-camino
160585,"El río",1972,"Arturo Balassa",el-rio-2
160584,"El río",1993,"Rafael Filippelli",el-rio
3985,"El río",2012,"Juane Otegui, Yanina Díaz, Rafael Filippelli",el-rio-i
160589,"El secreto de Julia",2002,"Ernesto Aguilar",el-secreto-de-julia
2889,"El secreto de Julia",2019,"Ernesto Aguilar",el-secreto-de-julia-i
160591,"El sereno",2004,"Alexander Rivas, Adrián Fabrissin, Greta Molas, Adrián Fabrissin",el-sereno
4387,"El sereno",2017,"Oscar Estévez, Joaquín Mauad, Adrián Fabrissin, Greta Molas, Adrián Fabrissin",el-sereno-2
160595,"El viaje",1942,"Francisco Mugica, Fernando Ayala",el-viaje
160596,"El viaje",1989,"Mauro Bedendo",el-viaje-2
1983,"El viaje",1990,"Pino Solanas, Mauro Bedendo, Francisco Mugica, Fernando Ayala",el-viaje-3
160598,"El visitante",1999,"Javier Olivera, Roberto Ceuninck, Nicolás Lidijover",el-visitante
2278,"El visitante",2002,"Sofía Mora, Roberto Ceuninck, Nicolás Lidijover",el-visitante-2
160600,"Elena",1999,"Blas Eloy Martínez",elena
5377,"Elena",2000,"Gabriel Medina",elena-2
160602,"Ella",2006,"Alejandro Montiel",ella
6260,"Ella",2008,"Christian Pineda, Marcela Marcelli",ella-2
160604,"Ella o yo",2004,"Sebastián Franco",ella-o-yo
4918,"Ella o yo",2005,"Bernarda Pagés, Verónica Elizalde",ella-o-yo-2
160606,"Emilia",2008,"Adrián Suárez",emilia
8210,"Emilia",2020,"César Sodero, Marcelo Pozzo, María Laura Berch",emilia-i
160608,"En buena ley",1919,"Mario Gallo",en-buena-ley
2758,"En buena ley",Sin año,"Alberto Traversa, Mario Gallo",en-buena-ley-2
7208,"En el Umbral… (Aleph)",2011,"Danilo Raúl Hernández",en-el-umbral-aleph-2
160610,"En el Umbral… (Aleph)",2011,"Danilo Raúl Hernández",en-el-umbral-aleph
6652,"En nuestros corazones para siempre",2008,"Javier Daulte, Sandra Gugliotta",en-nuestros-corazones-para-siempre-2
160612,"En nuestros corazones para siempre",2008,"Sin director",en-nuestros-corazones-para-siempre
3713,"En silencio",2004,"Francisco Pedemonte, Matías Piñeiro, Martín Horacio Papi",en-silencio-2
160614,"En silencio",2004,"Hernán Gabriel Silvosa, Martín Horacio Papi",en-silencio
160616,"En un día de gloria",1918,"Mario Gallo",en-un-dia-de-gloria
2759,"En un día de gloria",Sin año,"Alberto Traversa, Mario Gallo",en-un-dia-de-gloria-2
160618,"Enero",2010,"Cynthia Gabrenja, Marcelo Scoccia",enero
6985,"Enero",2020,"Gabriel E. Mora, Cynthia Gabrenja, Marcelo Scoccia",enero-i
160620,"Equilibrio",2003,"Fernando Madedo, Hernán Marino, Diego Mendizábal, Emanuel Flax, Lucía Sidelnik",equilibrio
3595,"Equilibrio",2011,"Martín Alba, Anabella Rivero, Hernán Marino, Diego Mendizábal, Emanuel Flax, Lucía Sidelnik",equilibrio-2
160622,"Espectro",2010,"Sergio Subero",espectro
7557,"Espectro",Sin año,"Inés María Barrionuevo, Sergio Subero",espectro-i
160626,"Estrellas",2003,"Cecilia Zanatta",estrellas
4472,"Estrellas",2007,"Federico León, Marcos Martínez, Adrián Lakerman, Marianela Portillo",estrellas-2
160630,"Ezeiza",1997,"Verónica Chen",ezeiza
160631,"Ezeiza",2005,"Andrea Servera",ezeiza-2
3031,"Ezeiza",2013,"Cristina Motta, Andrea Servera, Verónica Chen",ezeiza-i
160633,"Familia tipo",2005,"Lorna Santiago",familia-tipo
6175,"Familia tipo",2009,"Cecilia Priego",familia-tipo-2
3271,"Fanáticos",2001,"Mariano Cattáneo, Ygnacio Cervio",fanaticos-2
160635,"Fanáticos",2004,"Ariel Winograd",fanaticos
160637,"Fantasma",1996,"Mariana Abelleira, María Paula Antelo",fantasma
160638,"Fantasma",2006,"Lisandro Alonso, Delfina Castagnino",fantasma-2
4956,"Fantasma",2010,"Carlos Montoya, Mariana Abelleira, Lisandro Alonso, María Paula Antelo, Delfina Castagnino",fantasma-3
160640,"Fascinación",1949,"Carlos Schlieper",fascinacion
754,"Fascinación",2016,"Alejandro Jablonskis, Carlos Schlieper",fascinacion-2
160642,"Fausto",1923,"Eduardo Martínez de la Pera, Enrique Ernesto Gunche",fausto
4758,"Fausto",2003,"María de Lourdes Argüelles, Eduardo Martínez de la Pera, Enrique Ernesto Gunche",fausto-2
160644,"Feliz cumpleaños",1999,"Germán Chiodi",feliz-cumpleanos
6004,"Feliz cumpleaños",2007,"Matías Zanotto, Germán Chiodi",feliz-cumpleanos-i
160646,"Feriado",2006,"Federico Bezenzette, Santiago Podestá",feriado
6518,"Feriado",2014,"Diego Araujo, Federico Bezenzette, Santiago Podestá",feriado-2
160648,"Fin de semana",2010,"Moroco Colman",fin-de-semana
8941,"Fin de semana",2016,"Moroco Colman",fin-de-semana-2
160650,"Fin de siglo",1998,"Maike Höhne",fin-de-siglo
3945,"Fin de siglo",2019,"Lucio Castro, María La Greca",fin-de-siglo-i
188698,"Flipper",2021,"Matías Szulanski",flipper-2
159138,"Flipper",Sin año,"Matías Szulanski",flipper
4635,"Frágil",2003,"Roberto Giuffre, Jorgelina Saphir, Néstor Fonte",fragil-2
160652,"Frágil",2005,"Gustavo Macri",fragil
8073,"Fragmentos",Sin año,"Laura Linares",fragmentos-i
160654,"Fragmentos",Sin año,"Diego Ercolano",fragmentos
163135,"Frontera Sur",1943,"Belisario García Villar",frontera-sur
815,"Frontera sur",1998,"Gerardo Herrero, Juan Iribas, Cecilia Atán, Roberto Salomone, Carina Sama, Carola Jalife, María Inés Teyssié, Carola Jalife",america-mia-2
160656,"Fronteras",1999,"Fredy Torres",fronteras
4707,"Fronteras",2006,"Carlos Vilaró Nadal, Teresa Bazan",fronteras-2
160659,"Fuego",1968,"Armando Bó",fuego
819,"Fuego",1998,"Robert M. Rovere, Armando Bó",fuego-2
160661,"Fuera de temporada",2004,"Leonardo Maldonado, Lorena Vila, Hernán Marzioli",fuera-de-temporada
3725,"Fuera de temporada",2017,"Sabrina Campos, Leonardo Maldonado, Lorena Vila, Hernán Marzioli",fuera-de-temporada-2
817,"Galleguita",1923,"Julio Irigoyen",galleguita-2
160663,"Galleguita",1940,"Julio Irigoyen",galleguita
160665,"Garúa",2005,"Alberto Romero, Lucía Miranda, Santiago Bonavera, Ana Valeria González Seligra",garua
3784,"Garúa",2005,"Gustavo Corrado, Lucía Miranda, Santiago Bonavera, Ana Valeria González Seligra",garua-2
160667,"Gauchito Gil",2000,"Guillermo Bergandi",gauchito-gil
8818,"Gauchito Gil",2020,"Fernando Del Castillo, Guillermo Bergandi",gauchito-gil-i
160082,"Géminis",2005,"Albertina Carri, Emiliano Torres, Dante Dechecco, Magdalena Cernadas, Norma Angeleri, Fernanda García Lao, Silvana Lopa, Diego Bordón",geminis-2
3014,"Géminis",2020,"Pablo Fritzler, Albertina Carri, Emiliano Torres, Dante Dechecco, Magdalena Cernadas, Norma Angeleri, Fernanda García Lao, Silvana Lopa, Diego Bordón",geminis-i
160671,"Génesis",2006,"Rodolfo Carnevale, Hugo Blajean",genesis
5820,"Génesis",2018,"Juan Agustín Greco, María Sánchez Martínez, Hugo Blajean",genesis-i
160673,"Gitano",1970,"Emilio Vieyra",gitano
856,"Gitano",2004,"Andrés Manson, Marcelo Ferrando",gitano-2
160675,"Guacho",1954,"Lucas Demare",guacho
160676,"Guacho",1998,"Juan Manuel Godoy",guacho-2
930,"Guacho",2007,"Juan Minujín, Luciana Piantanida, Lucas Demare",guacho-3
160678,"Guaraní",1963,"Mauricio Berú",guarani
4122,"Guaraní",2015,"Luis Zorraquín, Mauricio Berú",guarani-2
160680,"Güemes y sus gauchos",1910,"Liliana Giordano",guemes-y-sus-gauchos
2754,"Güemes y sus gauchos",Sin año,"Mario Gallo, Liliana Giordano",guemes-y-sus-gauchos-2
2324,"Herencia",1995,"Ricardo Becher, Fernando Alcalde, Romina Caramagna, Pablo José Meza, Natalia Smirnoff, Ana Laura Gussoni, Norma Angeleri, Paula Hernández, Julia Solomonoff, Daniel Israel, Elena Gowland, Rayén Braun",herencia-2
160684,"Herencia",2001,"Paula Hernández, Fernando Alcalde, Romina Caramagna, Pablo José Meza, Natalia Smirnoff, Ana Laura Gussoni, Norma Angeleri, Paula Hernández, Julia Solomonoff, Daniel Israel, Elena Gowland, Rayén Braun",herencia
160686,"Hermanos",1939,"Enrique de Rosas",hermanos
160687,"Hermanos",2001,"Gabriel Boschi",hermanos-2
892,"Hermanos",Sin año,"Henrique De Freitas Lima, Enrique de Rosas",hermanos-3
7532,"Hermanos de sangre",2012,"Daniel de la Vega, Martín Blousson",hermanos-de-sangre-2
160689,"Hermanos de sangre",Sin año,"Sin director",hermanos-de-sangre
160691,"Historia de una fascinación",2001,"Emiliano Romero",historia-de-una-fascinacion
3386,"Historia de una fascinación",2002,"Tomás Larrinaga, Emiliano Romero",historia-de-una-fascinacion-2
160693,"Hogar",2001,"Adrián Salinas",hogar
160694,"Hogar",2004,"Julio César Rodríguez Caloggero, Mauro Narducci",hogar-2
3113,"Hogar",2010,"Rocío Pérez Belarra, Tomás Utillano Martínez, Julio César Rodríguez Caloggero, Adrián Salinas, Mauro Narducci, Ana Berard",hogar-3
5514,"Hola!",2002,"Luis Nieto (III), Rodrigo Patiño, Juan Payllalef",hola-3
160697,"Hola!",2006,"Diego Olmos",hola-2-2
160699,"Huellas",2004,"Carolina Chenlo, Paulina Lanzani",huellas
5822,"Huellas",2012,"Miguel Colombo, Paulina Lanzani",huellas-2
160701,"Implantación",2011,"Fermín Acosta, Lucía Salas, Sol Bolloqui",implantacion
7217,"Implantación",2016,"Fermín Acosta, Sol Bolloqui, Lucía Salas",implantacion-2
160703,"Incómodos",2006,"Mauro Ramírez, Ludmila Gabino, Tatiana Ramirez, Marina Navas",incomodos
5357,"Incómodos",2008,"Esteban Menis, Natalia Hernández, Sonia Stanko, Cecilia Menis, Marina Navas, Natalia Hernández, Sonia Stanko, Cecilia Menis",incomodos-2
7255,"Industria Argentina",2001,"Julián Borrell, Ricardo Díaz Iacoponi, Martín Armoya, Daniela Schiaffino, Diego Savignano",industria-argentina-2
160705,"Industria argentina",2011,"Ricardo Díaz Iacoponi, Martín Armoya, Daniela Schiaffino, Diego Savignano",industria-argentina
160707,"Infancia",2004,"Nicolás Federico",infancia
5606,"Infancia",2007,"Esteban Menis",infancia-2
160711,"Invasión",1969,"Hugo Santiago, Esteban H. Etcheverrito, Jorge Luis Salmoiraghi",invasion
160712,"Invasión",2003,"Julián Andrade, Carolina Azzi",invasion-2
1009,"Invasión",2014,"Abner Benaim, Hugo Santiago, Carolina Azzi, Esteban H. Etcheverrito, Jorge Luis Salmoiraghi",invasion-3
160714,"Invisible",2004,"Marcos Torres, Ezequiel Rormoser",invisible
5429,"Invisible",2014,"Juan Manuel Echalecu, Marcos Torres, Pablo Giorgelli, Ezequiel Rormoser",invisible-3
160715,"Invisible",2017,"Pablo Giorgelli",invisible-2
160717,"Involución",2005,"Rodrigo Patiño",involucion
6312,"Involución",2009,"Mariano Luque, Rodrigo Patiño",involucion-2
160719,"Jaque mate",2001,"Carlos Kaimakamian Carrau",jaque-mate
5171,"Jaque mate",2020,"Lucas Salomón, Carlos Kaimakamian Carrau",jaque-mate-i
193315,"Jaque mate",2024,"Jorge Nisco, Federico Cueva, María Laura Berch, Iair Said, Luis Bernardez",jaque-mate-2
8580,"Jorge y Alberto contra los demonios neoliberales",2014,"Hernán Quintana, Gonzalo Quintana",jorge-y-alberto-contra-los-demonios-neoliberales-3
160721,"Jorge y Alberto contra los demonios neoliberales",2014,"Sin director",jorge-y-alberto-contra-los-demonios-neoliberales
160722,"Jorge y Alberto contra los demonios neoliberales",2014,"Sin director",jorge-y-alberto-contra-los-demonios-neoliberales-2
160724,"Joven viuda y estanciera",1941,"Luis José Bayón Herrera",joven-viuda-y-estanciera
1046,"Joven viuda y estanciera",1970,"Julio Saraceni, Luis José Bayón Herrera",joven-viuda-y-estanciera-2
160726,"Juan Moreira",1936,"Nelo Cosimi",juan-moreira
1060,"Juan Moreira",1948,"Luis José Moglia Barth, Nelo Cosimi, Leonardo Favio, Rodolfo Mórtola, Tito Faustín",juan-moreira-3
160729,"La araña",1980,"Alejandro Agresti",la-arana
2529,"La araña",2010,"Sihuen Ernesto Vizcaíno, Alejandro Agresti",la-arana-2
160731,"La botella",1999,"Liliana Paolinelli",la-botella
5852,"La botella",2012,"Sin director",la-botella-2
160733,"La buena vida",1964,"René Mugica",la-buena-vida
253,"La buena vida",2002,"Diego Rafecas, Pablo Flehner",la-buena-vida-2
160735,"La calesita",1963,"Hugo del Carril",la-calesita
282,"La calesita",1993,"Dirk von Braunmühl, Hugo del Carril",la-calesita-2
160737,"La cama",1968,"Emilio Gómez Muriel",la-cama
290,"La cama",2018,"Mónica Lairana",la-cama-ii
160739,"La casa",2004,"Manuel Fernández Arroyo",la-casa
160740,"La casa",2012,"Gustavo Fontán, Alejandro Nantón",la-casa-2
5123,"La casa",2012,"Paola Michaels, Manuel Fernández Arroyo, Gustavo Fontán, Alejandro Nantón",la-casa-3
160742,"La cena",2005,"Irina Macagni",la-cena
6209,"La cena",2012,"Vjsuave, Antonio Balseiro, Agustín Orol",la-cena-2
401,"La cieguita de la avenida Alvear",1924,"Julio Irigoyen",la-cieguita-de-la-avenida-alvear-2
160744,"La cieguita de la avenida Alvear",1939,"Julio Irigoyen",la-cieguita-de-la-avenida-alvear
160746,"La creciente",2004,"Matías Herrera Córdoba, Norma Giana",la-creciente
4138,"La creciente",2019,"Juan Franco González, Demián Santander",la-creciente-i
160750,"La deuda",1992,"Silvia Corral",la-deuda
160751,"La deuda",2003,"Bruno Gradaschi, Macarena Magnani",la-deuda-2
2697,"La deuda",2019,"Gustavo Fontán, Silvia Corral, Macarena Magnani",la-deuda-i
160753,"La espera",1983,"Fabián Bielinsky, Sonia Karpiuk, Mauricio Skorulski, Oskar Aizpeolea",la-espera
5470,"La espera",2006,"Hernán Arias Regalía, Fabián Bielinsky, Sonia Karpiuk, Mauricio Skorulski, Oskar Aizpeolea",la-espera-2
188413,"La espera",2022,"Ingrid Valencic, Celeste Contratti",la-espera-3
160755,"La fuga",1937,"Luis Saslavsky, Enrique Cahen Salaberry",la-fuga
160756,"La fuga",2001,"Eduardo Mignogna, Raúl Rodríguez Peila, Ezequiel Crupnicoff, Nicolás Lidijover, Tati Rojas",la-fuga-2
835,"La fuga",2013,"Fernando Primavera, Ignacio Lavizzari, Mauricio Medina, Enrique Cahen Salaberry, Raúl Rodríguez Peila, Ezequiel Crupnicoff, Nicolás Lidijover, Tati Rojas",la-fuga-3
160758,"La gallina degollada",1985,"Sin director",la-gallina-degollada
4989,"La gallina degollada",2011,"Paulo Pécora",la-gallina-degollada-2
160760,"La garganta del diablo",1991,"Antonio Ottone",la-garganta-del-diablo
823,"La garganta del diablo",1993,"Sergio Móttola, Antonio Ottone",la-garganta-del-diablo-2
2831,"La granja",2006,"Hernán Luna, Ernesto Aguilar, Diego Fraga",la-granja-2
160762,"La granja",2008,"Ernesto Aguilar, Diego Fraga, Paulo Pécora",la-granja
160764,"La herencia",1964,"Ricardo Alventosa, Ricardo Feliú, Pedro Stocki, José Sierra",la-herencia
160765,"La herencia",1992,"Mariano Pariz",la-herencia-2
889,"La herencia",2008,"Sergio Schmucler, Mariano Pariz, Ricardo Alventosa, Ricardo Feliú, Pedro Stocki, José Sierra",la-herencia-3
4834,"La inundación",1961,"Juan Oliva, Elena de Azcuénaga, Edgardo Pallero",la-inundacion-2
160767,"La inundación",2000,"Diego García",la-inundacion
160769,"La laguna",1968,"Oscar Barney Finn",la-laguna
3609,"La laguna",2013,"Gastón Bottaro, Luciano Juncos",la-laguna-2
160771,"La memoria del agua",1994,"Héctor Faver",la-memoria-del-agua
1287,"La memoria del agua",2015,"Matías Bize, Héctor Faver",la-memoria-del-agua-2
160773,"La mentirosa",1942,"Luis César Amadori, Enrique Cahen Salaberry, Edgardo Togni, Orlando Zumpano",la-mentirosa
1291,"La mentirosa",1999,"Luis César Amadori, Enrique Cahen Salaberry, Edgardo Togni, Orlando Zumpano",la-mentirosa-2
160775,"La muchachada de a bordo",1936,"Manuel Romero",la-muchachada-de-a-bordo
1441,"La muchachada de a bordo",1966,"Enrique Cahen Salaberry, Adolfo Aristarain",la-muchachada-de-a-bordo-2
4627,"La mudanza",1985,"Luz Álvarez, Sandra Schmidt",la-mudanza-2
160777,"La mudanza",Sin año,"Sandra Schmidt",la-mudanza
2610,"La muerte y la brújula",1999,"Jorge Leandro Colás, Esteban Böhm",la-muerte-y-la-brujula-2
160779,"La muerte y la brújula",2000,"Sin director",la-muerte-y-la-brujula
160781,"La mujer del zapatero",1941,"Julio Irigoyen, J. Roberto Deprisco",la-mujer-del-zapatero
1498,"La mujer del zapatero",1965,"Armando Bó, Eliseo Subiela, J. Roberto Deprisco",la-mujer-del-zapatero-2
160783,"La noche",2016,"Edgardo Castro",la-noche
8784,"La noche",2020,"Julián Sequeira",la-noche-i
160785,"La novela de un joven pobre",1942,"Luis José Bayón Herrera",la-novela-de-un-joven-pobre
1242,"La novela de un joven pobre",1968,"Enrique Cahen Salaberry, Luis José Bayón Herrera",la-novela-de-un-joven-pobre-2
160787,"La novia",1955,"Alberto D'Aversa",la-novia
1246,"La novia",1961,"Ernesto Arancibia",la-novia-2
160789,"La Nueva Francia",1970,"Ricardo Aronovich",la-nueva-francia
1274,"La Nueva Francia",1972,"Juan Fresán, Jorge Goldenberg",la-nueva-francia-2
3903,"La oficina",1984,"Cristina Fasulino",la-oficina-2
160791,"La oficina",2005,"Blas Eloy Martínez",la-oficina
4464,"La otra orilla",2003,"Yael Szmulewicz, Lelia Dondoglio",la-otra-orilla-2
160793,"La otra orilla",Sin año,"Lelia Dondoglio",la-otra-orilla
160795,"La patota",1960,"Daniel Tinayre, Horacio Parisotto",la-patota
1418,"La patota",2015,"Santiago Mitre, Federico D'Auría, Mariana Mitre, Horacio Parisotto",la-patota-2
160797,"La primera vez",2004,"Ygnacio Cervio",la-primera-vez
4882,"La primera vez",2015,"Sheila Coto, Ygnacio Cervio",la-primera-vez-2
160799,"La puerta",1959,"Mauricio Berú",la-puerta
4120,"La puerta",2010,"Cristina Nigro",la-puerta-2
160801,"La quietud",2012,"Inés María Barrionuevo",la-quietud
7610,"La quietud",2018,"Pablo Trapero",la-quietud-2
160805,"La resistencia",1972,"Daniel Pires Mateus",la-resistencia
2462,"La resistencia",2005,"Daniela Goldes, Lorena Muñoz, Daniel Pires Mateus, Dafne Casoy",la-resistencia-2
3578,"La Revista cielo Centenario",1910,"Julio Alsina",la-revista-cielo-centenario-2
160807,"La revista cielo centenario",1910,"Julio Alsina",la-revista-cielo-centenario
6961,"La ruptura",2010,"Martín Piana",la-ruptura
194914,"La ruptura",2024,"Marina Glezer, Matías Viera, Sonia Stigliano",la-ruptura-2
160809,"La sagrada familia",1988,"Pablo César",la-sagrada-familia
1735,"La sagrada familia",2002,"Ingmar Trost, Pablo César",la-sagrada-familia-2
160811,"La señal",2007,"Ricardo Darín, Martín Hodara, Ezequiel Crupnicoff, Juan Mendoza Zélis, Javier Helguero, Martín Emanuel Kleiman, Julieta Piñeiro, Carola Jalife, Esteban Rey Cazes, Eugenia Levin, Guillermo Greco, Florencia Martínez Cerino, Erika Halvorsen",la-senal
3025,"La señal",2007,"Rodrigo Moreno, Vivi Tellas, Martín Hodara, Ezequiel Crupnicoff, Juan Mendoza Zélis, Javier Helguero, Martín Emanuel Kleiman, Julieta Piñeiro, Carola Jalife, Esteban Rey Cazes, Eugenia Levin, Guillermo Greco, Florencia Martínez Cerino, Erika Halvorsen",la-senal-2
160813,"La siesta",2003,"Daniel Burmec",la-siesta
5627,"La siesta",2019,"Federico Luis Tachella, Pablo Lapa, Sofía D'Amelio",la-siesta-i
160815,"La sombra",2002,"Nicolás Tuozzo, Damián Canduci",la-sombra
2853,"La sombra",2015,"Javier Olivera, Hugo del Carril, Damián Canduci",la-sombra-2
160817,"La suerte está echada",1989,"Pedro Stocki",la-suerte-esta-echada
2786,"La suerte está echada",2005,"Sebastián Borensztein, Ezequiel Crupnicoff, Nicolás Lidijover",la-suerte-esta-echada-2
160819,"La terraza",1963,"Leopoldo Torre Nilsson",la-terraza
1723,"La terraza",1992,"Ezio Massa, Leopoldo Torre Nilsson",la-terraza-2
160821,"La toma",2000,"Sebastián Wainstein",la-toma
2998,"La toma",2013,"Sandra Gugliotta",la-toma-2
160823,"La trampa",1949,"Carlos Hugo Christensen, José Arturo Pimentel",la-trampa
1805,"La trampa",2017,"Jerónimo Clemente",la-trampa-i
160825,"La ventana abierta",2004,"Marisol Carlos",la-ventana-abierta
160826,"La ventana abierta",2004,"Juan Pablo Cajaraville",la-ventana-abierta-2
5091,"La ventana abierta",2014,"Lucila Las Heras, Marisol Carlos",la-ventana-abierta-3
194764,"La virgen de la tosquera",2024,"Laura Casabé",la-virgen-de-la-tosquera
196900,"La virgen de la tosquera",2025,"Laura Casabé",la-virgen-de-la-tosquera-1
2431,"La visita",1971,"David Amitin, Juan Manuel Rada, Fiona Heine",la-visita-i
160829,"La visita",1994,"Fiona Heine",la-visita-2
160828,"La visita",2019,"Jorge Leandro Colás",la-visita
1047,"Laberinto",1968,"Nino Zanchin",laberinto
161212,"Laberinto",1998,"Grace Marigual",laberinto-2
160834,"Las furias",1960,"Vlasta Lah",las-furias
848,"Las Furias",2019,"Tamae Garateguy, Carina Piazza, María Alicia Sosa, Luciana García",las-furias-i
160836,"Las insoladas",2002,"Gustavo Taretto, Sergio Colombo",las-insoladas
3102,"Las insoladas",2014,"Gustavo Taretto, Luis Bernardez, Walter Rippel",las-insoladas-2
3287,"Las manos",2004,"Juan Ronco, Alejandro Doria, Fabiana Tiscornia, Carola Jalife, María Corpas",las-manos-2
160838,"Las manos",2006,"Alejandro Doria, Fabiana Tiscornia, Carola Jalife, María Corpas",las-manos
160840,"Las olas",2017,"Adrián Biniez",las-olas
9015,"Las olas",2021,"Guillermo Saredo, Adrián Biniez",las-olas-i
6284,"Las voces",2011,"Pablo Torre",las-voces-2
160842,"Las voces",Sin año,"Francisco Pedemonte",las-voces
2960,"Legado",1998,"Yanina Serrano, Matías Haglund, Marcelo Trotta",legado-3
160845,"Legado",1998,"Sin director",legado-2
160844,"Legado",2001,"Vivian Imar, Marcelo Trotta",legado
160847,"Lejos de casa",2010,"Miguel Mirra, Damián Barrera, Alicia Caldarone",lejos-de-casa
6901,"Lejos de casa",2020,"Laura Dariomerlo, Miguel Mirra, Damián Barrera, Alicia Caldarone",lejos-de-casa-i
5156,"Límite",1970,"Claudio Caldini, Javier Gorleri",limite-2
160849,"Límite",Sin año,"Javier Gorleri",limite
160851,"Lisboa",1999,"Antonio Hernández",lisboa
2267,"Lisboa",2003,"Néstor Lescovich, Pablo Mazzeo, Santiago Vela",lisboa-2
3137,"Lluvia",2001,"Violeta Uman, Paula Hernández",lluvia-2
160853,"Lluvia",2008,"Paula Hernández",lluvia
160855,"Lo que le pasó a Reynoso",1937,"Leopoldo Torres Ríos",lo-que-le-paso-a-reynoso
1109,"Lo que le pasó a Reynoso",1955,"Leopoldo Torres Ríos, Nicolás Oscar Nelson, Juan Berend",lo-que-le-paso-a-reynoso-2
160857,"Los árboles",2017,"Mariano Luque",los-arboles
9008,"Los árboles",2019,"Luana Carmona, Mariano Luque",los-arboles-i
160859,"Los chicos crecen",1942,"Carlos Hugo Christensen, José Herrero",los-chicos-crecen
390,"Los chicos crecen",1974,"Enrique Carreras, Carlos Hugo Christensen, José Herrero",los-chicos-crecen-2
160861,"Los chicos y la calle",2002,"Carlos Echeverría",los-chicos-y-la-calle
2932,"Los chicos y la calle",2012,"Carlos Echeverría",los-chicos-y-la-calle-2
160863,"Los corruptores",1966,"Alberto Du Bois",los-corruptores
480,"Los corruptores",1987,"Teo Kofman, Hugo Lescano",los-corruptores-2
160865,"Los elegidos",1965,"Martín Schor",los-elegidos
4059,"Los elegidos",2011,"Rodolfo Mórtola, Martín Schor",los-elegidos-2
160867,"Los fantasmas",2012,"Paulo Pécora",los-fantasmas
7900,"Los fantasmas",2020,"Sebastián Lojo",los-fantasmas-i
160869,"Los hipócritas",1965,"Enrique Carreras, Orlando Zumpano",los-hipocritas
925,"Los hipócritas",2019,"Santiago Sgarlatta, Carlos Ignacio Trioni, Darío Mascambroni, Orlando Zumpano",los-hipocritas-i
160872,"Los inocentes",1994,"Verónica Chen",los-inocentes-2-2
984,"Los inocentes",2016,"Mauricio Brunetti, Verónica Chen, Juan Antonio Bardem",los-inocentes-1
160874,"Los insomnes",1984,"Carlos Orgambide, Mario Iglesias",los-insomnes
988,"Los insomnes",Sin año,"Sebastián Miranda (II), Carlos Orgambide, Mario Iglesias",los-insomnes-2
160876,"Los muchachos de antes no usaban gomina",1936,"Manuel Romero",los-muchachos-de-antes-no-usaban-gomina
1459,"Los muchachos de antes no usaban gomina",1969,"Enrique Carreras, Manuel Romero",los-muchachos-de-antes-no-usaban-gomina-2
160878,"Los muertos",1919,"Francisco Defilippis Novoa",los-muertos
2747,"Los muertos",2004,"Lisandro Alonso, Manuel Nieto Zas",los-muertos-2
160880,"Los perros",2004,"Adrián Jaime",los-perros
160881,"Los perros",2017,"Marcela Said",los-perros-2
3265,"Los perros",2020,"Agustín Adba, Adrián Jaime",los-perros-i
160883,"Los últimos",2007,"Miguel Mirra",los-ultimos
8288,"Los últimos",2017,"Nicolás Puenzo, Miguel Mirra",los-ultimos-2
160885,"Lucía",1963,"Dick Ross",lucia
1127,"Lucía",1997,"Ignacio Masllorens",lucia-2
160887,"Luján",2004,"Andrés Denegri",lujan
3483,"Luján",2009,"Raúl Perrone",lujan-2
160889,"Madam Baterflai",2011,"Carina Sama",madam-baterflai
8023,"Madam Baterflai",2013,"Carina Sama",madam-baterflai-2
3523,"Magia",2004,"Maria Pérez Escala, Sergio Esquenazi",magia-2
160891,"Magia",2004,"Sergio Esquenazi",magia
160893,"Malón",2010,"Fabián Fattore",malon
7471,"Malón",Sin año,"Constanza Cabrera, Sofía Rozenwurcel, Lucila Podestá",malon-i
160898,"Manos",2004,"Claudio Bartel",manos
5753,"Manos",2005,"Juan Pablo Spitzer, Vito Saez",manos-2
160895,"Mañana",2004,"Federico Paladino, María Laura Bourges, José Luis Fernández (II)",manana
3951,"Mañana",2005,"Damián Fain, Federico Paladino, María Laura Bourges, José Luis Fernández (II), Paulina Barcat, Martín Muñiz",manana-3
160896,"Mañana",2005,"Augusto González Polo, Paulina Barcat, Martín Muñiz",manana-2
160900,"Mar del Plata",1949,"Arturo S. Mom",mar-del-plata
7460,"Mar del Plata",2012,"Ionathan Klajman, Sebastián Dietsch, Mariana Wainstein",mar-del-plata-2
160902,"Marcela",2000,"Juan Carlos Clemente",marcela
4841,"Marcela",2009,"Gastón Siriczman, Antonio Balseiro, Juan Carlos Clemente",marcela-3
160903,"Marcela",2012,"Antonio Balseiro",marcela-2
5735,"Marea",2009,"Ximena González, Brenda Urlacher, Luz Orlando Brennan, Maxi Estomba, Maximiliano Estomba, Silvana Lopa",marea-2
160905,"Marea",2013,"Brenda Urlacher, Luz Orlando Brennan, Maxi Estomba, Maximiliano Estomba, Silvana Lopa",marea
5093,"María",2012,"Mónica Lairana, Tamara Viñes",maria-2
160907,"María",Sin año,"Martín Desalvo",maria
5929,"Mario",2006,"Alu Arbio",mario-2
160909,"Mario",Sin año,"Sin director",mario
10013,"Marquetalia",2020,"Hernán Virués",marquetalia
161686,"Marquetalia",2022,"Laura Linares",marquetalia-2
160914,"Martín Fierro",1923,"Alfredo Quesada (II), Josué Quesada",martin-fierro-2
160913,"Martín Fierro",1968,"Leopoldo Torre Nilsson, Jorge Luis Salmoiraghi",martin-fierro
1214,"Martín Fierro",1989,"Fernando Laverde, Leopoldo Torre Nilsson, Josué Quesada, Jorge Luis Salmoiraghi",martin-fierro-3
1255,"Mateo",1925,"Julio Irigoyen",mateo-2
160916,"Mateo",1937,"Daniel Tinayre",mateo
3817,"Medianeras",2004,"Gustavo Taretto, Silvana Savastano, Cristian Pellegrini, Verónica Bruno",medianeras-2
160918,"Medianeras",2011,"Gustavo Taretto, Silvana Savastano, Cristian Pellegrini, Verónica Bruno",medianeras
160920,"Metamorfosis",2005,"Daniel Ponce, Gustavo Carra, Roberto Spassari",metamorfosis
4311,"Metamorfosis",2020,"Mariano Cirigliano, Daniel Ponce, Gustavo Carra, Roberto Spassari",metamorfosis-i
160922,"Mi Buenos Aires querido",1936,"Julio Irigoyen",mi-buenos-aires-querido
1306,"Mi Buenos Aires querido",1961,"Francisco Mugica, Julio Irigoyen",mi-buenos-aires-querido-2
160924,"Mi noche triste",1952,"Lucas Demare, José Martínez Suárez",mi-noche-triste
1361,"Mi noche triste",1997,"Goyo Anchou, Lucas Demare, José Martínez Suárez",mi-noche-triste-2
3159,"Mientras tanto",2003,"Tate Sanguine, Diego Lerman, Luis Bernardez, Nicolás Giussani, Marcela Balza, Magdalena Cernadas",mientras-tanto-2
160926,"Mientras tanto",2006,"Diego Lerman, Luis Bernardez, Nicolás Giussani, Marcela Balza, Magdalena Cernadas",mientras-tanto
160930,"Momentos",1980,"María Luisa Bemberg, Antonio Barrio",momentos
1424,"Momentos",2012,"Pablo Polledri, María Luisa Bemberg, Antonio Barrio",momentos-2
160932,"Mono",2007,"Mauro Andrizzi, Mariano Goldgrob",mono
6482,"Mono",2021,"Roberto Porta, Mariano Goldgrob",mono-i
1475,"Muerte civil",1910,"Mario Gallo, Alberto D'Aversa, Rodolfo Blasco",muerte-civil-2
160934,"Muerte civil",1954,"Alberto D'Aversa, Rodolfo Blasco",muerte-civil
160936,"Mujeres",1966,"Paulina Fernández Jurado",mujeres
3494,"Mujeres",1979,"Narcisa Hirsch, Paulina Fernández Jurado, Rosario Zubeldía, Hernán Nogués, Mercedes Alfonsín",mujeres-3
160937,"Mujeres",1989,"Rosario Zubeldía, Hernán Nogués, Mercedes Alfonsín",mujeres-2
160939,"Muñecas",2006,"Sin director",munecas
6237,"Muñecas",2020,"Lucía Palacio",munecas-i
160941,"Naturaleza muerta",2002,"María Laura Díaz",naturaleza-muerta
4329,"Naturaleza muerta",2014,"Gabriel Grieco, Fabián Forte",naturaleza-muerta-2
1198,"Nobleza gaucha",1915,"Humberto Cairo, Enrique Ernesto Gunche, Eduardo Martínez de la Pera",nobleza-gaucha-2
160943,"Nobleza gaucha",1937,"Sebastián M. Naón",nobleza-gaucha
161757,"Noche americana",2022,"Alejandro Bazzano",noche-americana-2
9664,"Noche americana",Sin año,"Nele Wohlatz",noche-americana
160945,"Noche de bodas",1942,"Carlos Hugo Christensen, José Herrero",noche-de-bodas
1203,"Noche de bodas",2009,"Mariana Barassi, Carlos Hugo Christensen, José Herrero",noche-de-bodas-i
2145,"Noche de ronda",1988,"Héctor Molina, Antonio Barrio, Carlos María Jaureguialzo",noche-de-ronda-2
160947,"Noche de ronda",1997,"Marcos Carnevale, Antonio Barrio, Carlos María Jaureguialzo",noche-de-ronda
160949,"Nocturno",2001,"Diego Varela, Claudio Espósito, Alejandro Geffner",nocturno
2486,"Nocturno",Sin año,"Christian Fuma, Diego Varela, Cristian Pauls, Ana Droeven, Paula Schilkrut, Claudio Espósito, Alejandro Geffner",nocturno-2
160951,"Nocturnos",2008,"Ariel Medina, Maximiliano Ricciardi, Leandro Martín Vitullo, Bárbara Zago, César Bigus, Maximiliano Ricciardi",nocturnos
160952,"Nocturnos",2011,"Edgardo Cozarinsky",nocturnos-2
6569,"Nocturnos",2013,"Ivana L. Nebuloni, Julián Pérez Cobo, Edgardo Cozarinsky, Maximiliano Ricciardi, Leandro Martín Vitullo, Bárbara Zago, César Bigus, Maximiliano Ricciardi",nocturnos-3
160955,"Nosotros",1993,"Rodrigo Moreno",nosotros-2
160954,"Nosotros",2002,"Diego Martínez Vignatti",nosotros
3116,"Nosotros",2013,"Melisa Brito Aller, Diego Martínez Vignatti, Rodrigo Moreno",nosotros-3
6802,"Novios del campo",2009,"Nele Wohlatz, Gerardo Naumann",novios-del-campo-2
160957,"Novios del campo",2009,"Sin director",novios-del-campo
2320,"ns/nc",1995,"Miguel Angel Rocca, Fernando Musa, Raúl Campos, Mariano Biasin, Mariano Biasin",nsnc-2-2
160959,"NS/NC",Sin año,"Sin director",nsnc
7376,"Nubes",1969,"Jorge Honik",nubes-2
160961,"Nubes",2012,"Manuel Abramovich",nubes
3110,"Octavo piso",2000,"Robert M. Rovere, Enrique Bellande",octavo-piso-2
160963,"Octavo piso",2002,"Enrique Bellande",octavo-piso
160965,"Oeste",2002,"Eduardo Pinto",oeste
3439,"Oeste",2005,"Daniel Ponce, Santiago Valentino, Diego Cosentino",oeste-2
160967,"Ofrenda",2005,"Silvana Lopa",ofrenda
4664,"Ofrenda",2020,"Juan Mónaco Cagni, Silvana Lopa",ofrenda-i
160969,"Ojos",2003,"Jesús Braceras, Diego Lescano, Anabel Caso",ojos
3752,"Ojos",2012,"Pablo Gonzalo Pérez, Diego Lescano, Anabel Caso",ojos-2
160971,"Ojos que no ven",1999,"Beda Docampo Feijóo, Gustavo Wagner, María Cecilia de las Barreras, Octavio Facello, Carina Sama",ojos-que-no-ven
160972,"Ojos que no ven",2004,"Santiago Bonavera",ojos-que-no-ven-2
2291,"Ojos que no ven",2008,"Ana Cacopardo, Santiago Bonavera, Beda Docampo Feijóo, Gustavo Wagner, María Cecilia de las Barreras, Octavio Facello, Carina Sama",ojos-que-no-ven-3
5090,"Olaf",2004,"Mariano Bergara, Guillermo San Juan",olaf
161575,"Olaf",2020,"July Massaccesi, Cristina Agüero",olaf-2
160974,"Oscuro",2004,"Paulo Pécora",oscuro
5575,"Oscuro",2009,"Víctor Postiglione",oscuro-2
160976,"Otro destino",2005,"Ezequiel Solozabal, Sándalo Capelli",otro-destino
4839,"Otro destino",2007,"Amin Yoma, Sándalo Capelli",otro-destino-2
160978,"Paco",1995,"Benjamín Ávila, Maximiliano Dubois",paco
3966,"Paco",2009,"Diego Rafecas, Natalia Urruty, Maximiliano Dubois",paco-2
3732,"Pacto de silencio",2004,"Diego Velazquez Viard, Carlos Echeverría, Solange Bottegoni, María Inés Gómez",pacto-de-silencio-2
160980,"Pacto de silencio",2005,"Carlos Echeverría, Solange Bottegoni, María Inés Gómez",pacto-de-silencio
160982,"Paisaje",2001,"Lorena Fernández, Virginia Giacosa, Mónica Ross, Lucas Santa Ana, Alejandro Sirkin",paisaje
4534,"Paisaje",2008,"Ada Frontini, Matías Umpierrez, Jimena Blanco, Virginia Giacosa, Mónica Ross, Lucas Santa Ana, Alejandro Sirkin, Marcelo Pozzo",paisaje-3
160983,"Paisaje",2013,"Matías Umpierrez",paisaje-2
193420,"Paisaje",2023,"Matías Rojo, Diego Savignano",paisaje-4
160985,"Papá",2002,"Julián Batistuta, Nicolás Garbarz",papa
4571,"Papá",2011,"Sergio Quatraro, Julián Batistuta, Nicolás Garbarz",papa-2
7042,"Pasajes",2006,"Leandro Listorti",pasajes-2
160987,"Pasajes",2010,"Gabriela Golder",pasajes
160989,"Patagonia",1920,"José Bustamante y Ballivián",patagonia
4756,"Patagonia",1977,"Narcisa Hirsch, José Bustamante y Ballivián",patagonia-2
7383,"Patagonia (10')",1970,"Narcisa Hirsch",patagonia-10-2
160991,"Patagonia (10')",1970,"Sin director",patagonia-10
160993,"Paula",2015,"Eugenio Canevari",paula
8729,"Paula",2022,"Florencia Wehbe",paula-i
160995,"Peregrino",1992,"Vivian Imar",peregrino
6395,"Peregrino",2020,"Néstor Rodríguez Correa, Vivian Imar",peregrino-i
6851,"Pero a la vez sí",2008,"Mauro Duek",pero-a-la-vez-si-4
160999,"Pero a la vez sí",2008,"Sin director",pero-a-la-vez-si-3
160997,"Pero a la vez sí",2008,"Sin director",pero-a-la-vez-si
160998,"Pero a la vez sí",2008,"Sin director",pero-a-la-vez-si-2
3818,"Perro negro",1993,"Fernando Priego Ruiz",perro-negro-2
161001,"Perro negro",2005,"María Florencia Álvarez",perro-negro
9984,"Perros",2021,"Kris Niklison",perros-i
161003,"Perros",Sin año,"Gerardo Minutti Bonilla",perros
161005,"Piedra libre",1975,"Leopoldo Torre Nilsson",piedra-libre
1506,"Piedra Libre",Sin año,"Alejandra Vassallo, Pía Sicardi",piedra-libre-2
4089,"Pinamar",1969,"Oscar Barney Finn",pinamar
187346,"Pinamar",2016,"Federico Godfrid",pinamar-2
161009,"Planetario",2009,"Paulo Pécora",planetario
6655,"Planetario",2011,"Baltazar Tokman",planetario-2
161011,"Plumíferos",2010,"Daniel De Felippo, Melina Cherro, Max Aguirre",plumiferos
6438,"Plumíferos",2019,"Ale Paiva, Juan Rodríguez Lage, Melina Cherro, Max Aguirre",plumiferos-i
161013,"Póker de amantes para tres",1969,"Ramiro Cortés, Francisco Tarantini",poker-de-amantes-para-tres
1559,"Póker de amantes para tres",1971,"Carlos Lao, Francisco Tarantini",poker-de-amantes-para-tres-2
161015,"Por la vuelta",2002,"Cristian Pauls",por-la-vuelta
2849,"Por la vuelta",2005,"Bruno Gradaschi, Macarena Magnani",por-la-vuelta-2
161017,"Positivo",1999,"Martín Alomar",positivo
2662,"Positivo",2014,"Sebastián Mónaco",positivo-2
161019,"Primavera",2005,"Federico Bezenzette",primavera
4338,"Primavera",2016,"Santiago Giralt",primavera-2
161021,"Pringles",2011,"Mariano Nante",pringles
7613,"Pringles",2012,"Santiago Franco",pringles-i
5031,"Prótesis",2000,"María Meira, Hernán Goldfrid, Martín Núñez",protesis-2
161023,"Prótesis",2000,"Sin director",protesis
161026,"Pueblo chico",1919,"Edmo Cominetti",pueblo-chico-2
161025,"Pueblo chico",2003,"Fernán Rudnik, Paula Schilkrut",pueblo-chico
3057,"Pueblo chico",2005,"Martín Wain, Fernán Rudnik, Edmo Cominetti, Paula Schilkrut",pueblo-chico-3
161028,"Puertas adentro",2005,"Martín Carranza, Martín Bustos",puertas-adentro
161030,"Puertas adentro",2009,"María Boughen",puertas-adentro-3
161029,"Puertas adentro",2012,"Nicolás León Tannchen",puertas-adentro-2
5980,"Puertas adentro",2016,"Eugenio Caracoche, María Victoria Ferrer Isleño, Nicolás León Tannchen, Martín Carranza, Martín Bustos",puertas-adentro-i
161032,"Punto de fuga",2006,"Agustin Cano Correa",punto-de-fuga
5953,"Punto de fuga",2007,"Nahuel Ferreyra",punto-de-fuga-3
161033,"Punto de fuga",2007,"Sin director",punto-de-fuga-2
161035,"Punto final",1986,"Pablo Nisenson",punto-final
2475,"Punto final",2004,"H. Emmanuel Figueroa, Pablo Nisenson",punto-final-2
161037,"Punto muerto",1998,"Damián Szifrón",punto-muerto
2942,"Punto muerto",2018,"Daniel de la Vega",punto-muerto-i
161039,"Puntos de vista",2003,"Sandra Gugliotta",puntos-de-vista
6686,"Puntos de vista",2018,"Florencia Wehbe, Sandra Gugliotta",puntos-de-vista-i
161041,"Pura sangre",2006,"Leo Ricciardi, Maximiliano Amor, Matías Casagrande, María de la Paz Viñals, María de la Paz Viñals, Damián Canduci",pura-sangre
3712,"Pura sangre",2013,"Mauro Beccaría, Leo Ricciardi, Maximiliano Amor, Matías Casagrande, María de la Paz Viñals, María de la Paz Viñals, Damián Canduci",pura-sangre-2
2490,"Qu' est-ce q' cest",1994,"Flavio Nardini",qu-est-ce-q-cest-2
2502,"Qu' est-ce q' cest",1994,"Sin director",qu-est-ce-q-cest
3062,"Rara",2016,"Pepa San Martín, Javier González",rara-2
161045,"Rara",Sin año,"Javier González",rara
3314,"Rebelión",2003,"Federico Urioste",rebelion
183549,"Rebelión",2022,"José Luis Rugeles, Mauricio Montes, Danniela Castro Valencia, Nora Ospina, Asia Lo Savio, Valentina Tomasa Congote, Carlos ""Fagua"" Medina, Salim Jaller, Carlos Sandoval, John Bedoya, Daniel Felipe Jiménez Vásquez, Carlos Andrés Sandoval Cabrera, Yoy Rave, Andrés Tudela, Kissinger Miranda, Ramsés Ramos",rebelion-2
161049,"Reflejos",2012,"Ignacio Verguilla, Mariela Perla Pietragalla",reflejos
7638,"Reflejos",2014,"Federico Larrosa, Emiliano Sette, Mariela Perla Pietragalla",reflejos-2
161051,"Regreso",2003,"Ygnacio Cervio",regreso
4557,"Regreso",2020,"Marcos Montes de Oca",regreso-i
161053,"Remake",2001,"Adrián Ochoa",remake
4889,"Remake",2006,"Roger Gual, Adrián Ochoa",remake-2
161055,"Río Turbio",1954,"Alejandro Wehner",rio-turbio
1676,"Río Turbio",2020,"Tatiana Mazú, Manuel Embalse",rio-turbio-i
161057,"Rojo",1992,"Paula Hernández",rojo
2728,"Rojo",2018,"Benjamín Naishtat, Paula Hernández",rojo-ii
161059,"Rompecabezas",2000,"Robert M. Rovere",rompecabezas
5286,"Rompecabezas",2009,"Natalia Smirnoff, Natalia Urruty, Natalia Urruty",rompecabezas-2
161061,"Ruido",2004,"Marcelo Bertalmío",ruido
161062,"Ruido",2006,"Antonio Bejarano, Gustavo Daguerre, Martín Ibarra, Rodrigo Patiño",ruido-2
161063,"Ruido",2014,"Germán Ruiz",ruido-3
5082,"Ruido",2019,"Juana Varela, Germán Ruiz, Antonio Bejarano, Marcelo Bertalmío, Gustavo Daguerre, Martín Ibarra, Rodrigo Patiño",ruido-i
163417,"Ruido",2022,"Natalia Beristain, Bernardo Velasco, Julio Quezada Orozco, Mauricio Calderón, Mora Admx, Ehécatl García, Bernardo Velasco, Marco Aguilar, Salvador ""Chava"" Chavarría, Mario Germes Ruiz, Luis Ocampo, Christian Castañeda López, Carlos Matienzo",ruido-4
161123,"S/T",2007,"Claudio Caldini",st
7565,"S/T",2014,"Sergio Subero",st-2
161065,"Salsipuedes",2001,"Manuel Méndez, Diego Rivera",salsipuedes
2384,"Salsipuedes",2012,"Mariano Luque, Manuel Méndez, Diego Rivera",salsipuedes-2
161068,"Sangre",1999,"Paulo Pécora",sangre-2
161067,"Sangre",2003,"Pablo César, Miguel Martínez",sangre
2518,"Sangre",2020,"Juan Schnitman, Felipe Solari Yrigoyen, Pablo César, Manuel Nieto Zas, Miguel Martínez",sangre-i
161069,"Sangre en la boca",2008,"Hernán Belón, Diego García",sangre-en-la-boca
7202,"Sangre en la boca",2015,"Hernán Belón, Diego García",sangre-en-la-boca-2
161072,"Santa",2014,"Carlos Vilaró Nadal, Ezequiel Vargas, Javier Figueroa, Bonzo Villegas",santa
8702,"Santa",2020,"Víctor Postiglione, Gonzalo Inovich, Ezequiel Vargas, Javier Figueroa, Bonzo Villegas",santa-i
161075,"Santos Vega",1917,"Carlos de Paoli",santos-vega-2
161074,"Santos Vega",1936,"Luis José Moglia Barth",santos-vega
1767,"Santos Vega",1971,"Carlos F. Borcosque (h), Luis José Moglia Barth",santos-vega-3
161077,"Sarah",2004,"Paola Interlandi",sarah
3385,"Sarah",2015,"Emiliano Romero",sarah-2
4606,"Se necesita un hombre con cara de boludo",2005,"Grupo Humus, Agustín Gregori",se-necesita-un-hombre-con-cara-de-boludo-2
161081,"Se necesita un hombre con cara de boludo",2005,"Agustín Gregori",se-necesita-un-hombre-con-cara-de-boludo
161087,"Siesta",1998,"Julia Solomonoff",siesta
2938,"Siesta",2018,"David Chacón, Julia Solomonoff",siesta-i
3363,"Silencio",1994,"Martina Muñoz, Nicolás Zukerfeld",silencio-2
161089,"Silencio",2002,"Nicolás Zukerfeld",silencio
5030,"Simpatía",2007,"Galel Maidana",simpatia-2
161091,"Simpatía",Sin año,"Sin director",simpatia
1874,"Sin fin",2005,"María de Lourdes Argüelles, Yamila Chein Asaro",sin-fin-2
5661,"Sin fin",2005,"Sin director",sin-fin
161093,"Sin salida",2004,"Cecilia Caruso, Gastón Inaui, Javier Gil",sin-salida
4789,"Sin salida",2007,"Alejo Rébora, Gonzalo Fernández Prieto, Gastón Inaui, Javier Gil",sin-salida-2
195981,"Sin salida",2024,"WHO, Lautaro Perín",sin-salida-3
161095,"Sin señal",2012,"David León Sofía",sin-senal
7526,"Sin señal",2013,"Lucía Gasconi",sin-senal-2
7625,"Sin título",2012,"Mariano Llinás, Santiago Mitre",sin-titulo-2
161097,"sin título",2012,"Ale Rath",sin-titulo
161100,"Sobre la tierra",1998,"Nicolás Sarquís, Leonardo Fabio Calderón, Lisandro Alonso, Paula Parissi, Santiago E. Calvette",sobre-la-tierra
2265,"Sobre la tierra",2001,"María Florencia Álvarez, Nicolás Sarquís, Leonardo Fabio Calderón, Lisandro Alonso, Paula Parissi, Santiago E. Calvette",sobre-la-tierra-2
161102,"Sofía",1987,"Alejandro Doria, Felipe López",sofia
1902,"Sofía",2005,"Matías Pérez, Alejandro Doria, Felipe López",sofia-2
161106,"Sola",1976,"Raúl de la Torre",sola-2
161107,"Sola",1979,"Alejandro Agresti",sola-2-2
161108,"Sola",2002,"Pedro Wallace",sola-3
159305,"Sola",2021,"José María Cicala",sola
1905,"Sola",2021,"Sabrina Blanco, Pedro Wallace, Raúl de la Torre, Alejandro Agresti",sola-ii
161109,"Sola",Sin año,"Sabrina Blanco",sola-i
161111,"Soldado",1995,"Verónica Chen",soldado
3033,"Soldado",2017,"Manuel Abramovich, Aimé Pansera",soldado-2
161113,"Solo",2001,"Nicolás Kliczkowski",solo
161114,"Solo",2004,"Jimena Domínguez, Ximena González, Mirta Malceñido, Rosana Portales, Giselle Vitullo",solo-2
161115,"Solo",2014,"José Ramón Nóvoa",solo-3
3806,"Solo",2019,"Artemio Benki, Jimena Domínguez, Nicolás Kliczkowski, Guillermo Rocamora, Ximena González, Mirta Malceñido, Rosana Portales, Giselle Vitullo, Lolo Paradell",solo-i
161117,"Sombras",1930,"Luis Saslavsky",sombras
2614,"Sombras",Sin año,"Mauro Bedendo, Pietro Picolomini, Armando Saltzman",sombras-2
1928,"Sombras de Buenos Aires",1923,"Julio Irigoyen",sombras-de-buenos-aires-2
161119,"Sombras de Buenos Aires",1939,"Julio Irigoyen",sombras-de-buenos-aires
161121,"Soñar no cuesta nada",1941,"Luis César Amadori, Enrique Cahen Salaberry",sonar-no-cuesta-nada
1951,"Soñar no cuesta nada",2006,"Rodrigo Triana, Luis César Amadori, Enrique Cahen Salaberry",sonar-no-cuesta-nada-2
7357,"Sublime",2010,"Juan Hendel",sublime
159401,"Sublime",2022,"Mariano Biasin, María Laura Berch, Florencia Momo, Verónica Biasin, Lucas Aranda, Natalia Biasin, Verónica Biasin, Mariana Berch",sublime-2
161125,"Superficies",2013,"Martín Aliaga",superficies
9723,"Superficies",2020,"Cristina Motta, Martín Aliaga",superficies-i
161128,"Tango",1998,"Carlos Saura, María Inés Teyssié",tango-2-2
2270,"Tango",2005,"Alberto Cortés, Carlos Saura, María Inés Teyssié",tango-3
1674,"Tango argentino",1900,"Eugenio Py, Simón Feldman",tango-argentino-2
161130,"Tango argentino",1969,"Simón Feldman",tango-argentino
161132,"Tarde",2005,"Bernardo Francese, Ignacio Laxalde",tarde
4607,"Tarde",Sin año,"Santiago Palavecino, Ignacio Laxalde",tarde-2
163512,"Temblor",1993,"Silvina Szperling",temblor-2
4877,"Temblor",Sin año,"Sin director",temblor
5298,"Tempus Fugit",2003,"Raúl Julián Andrade, Yanil Selún",tempus-fugit-2
5831,"Tempus Fugit",2003,"Sin director",tempus-fugit
161134,"Territorio",1999,"Marcelo del Puerto, Damián Leibovich",territorio
2804,"Territorio",2018,"Malena Martínez, Irina Hayipanteli, Damián Leibovich",territorio-i
196608,"Territorio",2024,"José Celestino Campusano, Marcos Izaguirre, Sol Rodríguez Seoane",territorio-2
161136,"Tiempo muerto",2010,"Baltazar Tokman, Iván Tokman",tiempo-muerto
7437,"Tiempo muerto",2016,"Víctor Postiglione, Baltazar Tokman, Iván Tokman",tiempo-muerto-2
161138,"Tierra adentro",1941,"Tino Dalbi",tierra-adentro
1744,"Tierra adentro",2010,"Ulises de la Orden, Aylén Spera",tierra-adentro-2
161142,"Tigre",1937,"Emilio W. Werner",tigre
2869,"Tigre",2017,"Silvina Schnicer, Ulises Porra Guardiola, Mariana Mitre, María Laura Berch",tigre-2
161144,"Tinta roja",1998,"Carmen Guarini, Marcelo Céspedes",tinta-roja
2211,"Tinta roja",2006,"Agustina Gurevich, Ginés Velázquez, Marcelo Céspedes",tinta-roja-2
161146,"Tiro de gracia",1969,"Ricardo Becher",tiro-de-gracia
1769,"Tiro de gracia",2013,"Nicolás Lidijover, Ricardo Becher",tiro-de-gracia-2
161148,"Todo el año es navidad",1960,"Román Viñoly Barreto",todo-el-ano-es-navidad
1774,"Todo el año es Navidad",2018,"Néstor Frenkel, Tomás Pernich",todo-el-ano-es-navidad-2
161150,"Todo el tiempo del mundo",2011,"Juan Hendel",todo-el-tiempo-del-mundo
7359,"Todo el tiempo del mundo",2015,"Rosendo Ruiz",todo-el-tiempo-del-mundo-2
161152,"Tokio",1998,"Ezequiel Acuña",tokio
2603,"Tokio",2015,"Maximiliano Gutiérrez, Lautaro Perín",tokio-2
161154,"Torino",2001,"Hernán Goldfrid",torino
2731,"Torino",2010,"Agustín Rolandelli, Hernán Goldfrid",torino-2
161156,"Tres",2013,"Iván Iannamico, Juan Flores",tres
8348,"Tres",Sin año,"Diego Schipani, Juan Flores",tres-i
161160,"Ulises",1975,"Juan Bautista Stagnaro",ulises
3358,"Ulises",2011,"Oscar Godoy, Juan Bautista Stagnaro",ulises-2
161162,"Un día",2005,"Fernando Balihaut",un-dia
5784,"Un día",2013,"Germán Ruiz, Fernando Balihaut",un-dia-2
5908,"Un género difícil",2006,"Gisela Canggiani, Pablo Alejandro Girola, Camila Pérez Mollo",un-genero-dificil-2
161164,"Un género difícil",2006,"Pablo Alejandro Girola, Camila Pérez Mollo",un-genero-dificil
161166,"Un guapo del 900",1952,"Lucas Demare",un-guapo-del-900
161167,"Un guapo del 900",1960,"Leopoldo Torre Nilsson, Ricardo Becher",un-guapo-del-900-2
933,"Un guapo del 900",1971,"Lautaro Murúa, Leopoldo Torre Nilsson, Ricardo Becher",un-guapo-del-900-3
4603,"Un mantel escocés",2004,"Grupo Humus, Agustín Gregori",un-mantel-escoces-2
161169,"Un mantel escocés",2004,"Agustín Gregori",un-mantel-escoces
161171,"Una excursión a los indios ranqueles",1963,"Derlis M. Beccaglia",una-excursion-a-los-indios-ranqueles
698,"Una excursión a los indios ranqueles",1965,"Derlis M. Beccaglia",una-excursion-a-los-indios-ranqueles-2
1490,"Una mujer",1975,"Juan José Stagnaro, Adolfo Aristarain, Carlos Gandolfo",una-mujer
186848,"Una mujer",2021,"Jeanine Meerapfel",una-mujer-2
161173,"Unheimlich",2006,"Pablo Baltera",unheimlich
5794,"Unheimlich",2019,"Emilio López, Pablo Baltera",unheimlich-i
161175,"Vecinas",1984,"María Victoria Menis",vecinas
3354,"Vecinas",2003,"Manuel Lorenzo, María Victoria Menis",vecinas-2
161177,"Vecinos",2002,"Julio Hiver",vecinos
4654,"Vecinos",2008,"Rodolfo Durán, Carla Berdichevsky",vecinos-2
3999,"Ventana",1975,"Claudio Caldini, Pablo Javier Damonte",ventana-2
161179,"Ventana",2002,"Pablo Javier Damonte",ventana
161188,"Victoria",2004,"Santiago Villarroel, Hugo Curletto, Andrés Peruzzi",victoria
161189,"Victoria",2006,"Maria Sol Ortolochipi, María Sol Portillo Arias",victoria-2
5863,"Victoria",2008,"Adrián Jaime, Santiago Villarroel, Juan Villegas, María Sol Portillo Arias, Hugo Curletto, Andrés Peruzzi",victoria-3
161191,"Vida",2003,"Analía Gómez D'Iorio",vida
5070,"Vida",2018,"María Eugenia Lombardi, Carolina Reynoso",vida-i
161193,"Viento Norte",1937,"Mario Soffici",viento-norte
2035,"Viento norte",2020,"Daniel Biondi, Sol Araya",viento-norte-i
194012,"Vladimir",2023,"Martín Riwnyj",vladimir-2
5687,"Vladimir",Sin año,"Silvana Jarmoluk",vladimir
161195,"Volver",1982,"David Lipszyc, Felipe López, Urbano López, Gustavo Wagner",volver
2078,"Volver",2002,"Matías Caivano, David Lipszyc, Felipe López, Urbano López, Gustavo Wagner",volver-i
161199,"Ya tiene comisario el pueblo",1936,"Claudio Martínez Payva, Eduardo Morera",ya-tiene-comisario-el-pueblo
2031,"Ya tiene comisario el pueblo",1967,"Enrique Carreras, Eduardo Morera",ya-tiene-comisario-el-pueblo-2
161201,"Yarará",2013,"Rocío Caliri, Melina Marcow",yarara
8243,"Yarará",2015,"Sebastián Sarquís, Melina Marcow",yarara-i
161203,"Yo quiero ser bataclana",1941,"Manuel Romero",yo-quiero-ser-bataclana
2054,"Yo quiero ser bataclana",2005,"María Inés Gómez, Solange Bottegoni, Alejandro Intrieri",yo-quiero-ser-bataclana-2
161205,"Zama",1984,"Nicolás Sarquís",zama
3324,"Zama",2017,"Lucrecia Martel, Fabiana Tiscornia, Verónica Souto, Natalia Smirnoff",zama-2